client_id,Class,Frequency,Density
3,0,24,0.12307692307692308
3,1,14,0.07179487179487179
3,2,34,0.17435897435897435
3,3,61,0.3128205128205128
3,4,33,0.16923076923076924
3,5,16,0.08205128205128205
3,6,13,0.06666666666666667
