client_id,Class,Frequency,Density
1,0,25,0.1282051282051282
1,1,24,0.12307692307692308
1,2,28,0.14358974358974358
1,3,55,0.28205128205128205
1,4,30,0.15384615384615385
1,5,27,0.13846153846153847
1,6,6,0.03076923076923077
