client_id,Class,Frequency,Density
5,0,26,0.13333333333333333
5,1,15,0.07692307692307693
5,2,32,0.1641025641025641
5,3,55,0.28205128205128205
5,4,32,0.1641025641025641
5,5,25,0.1282051282051282
5,6,10,0.05128205128205128
