client_id,Class,Frequency,Density
4,0,43,0.2205128205128205
4,1,17,0.08717948717948718
4,2,48,0.24615384615384617
4,4,46,0.2358974358974359
4,5,27,0.13846153846153847
4,6,14,0.07179487179487179
4,3,0,0.0
