client_id,Class,Frequency,Density
2,0,49,0.24257425742574257
2,1,2,0.009900990099009901
2,2,1,0.0049504950495049506
2,3,24,0.1188118811881188
2,4,8,0.039603960396039604
2,5,34,0.16831683168316833
2,6,84,0.4158415841584158
