client_id,Class,Frequency,Density
5,0,10,0.04672897196261682
5,1,122,0.5700934579439252
5,2,6,0.028037383177570093
5,3,65,0.3037383177570093
5,4,3,0.014018691588785047
5,5,7,0.03271028037383177
5,6,1,0.004672897196261682
