client_id,Class,Frequency,Density
1,0,5,0.026737967914438502
1,1,1,0.0053475935828877
1,2,0,0.0
1,3,48,0.25668449197860965
1,4,132,0.7058823529411765
1,5,1,0.0053475935828877
1,6,0,0.0
