client_id,Class,Frequency,Density
3,0,9,0.04864864864864865
3,1,7,0.03783783783783784
3,2,5,0.02702702702702703
3,3,149,0.8054054054054054
3,4,15,0.08108108108108109
3,5,0,0.0
3,6,0,0.0
