client_id,Class,Frequency,Density
8,0,2,0.007874015748031496
8,1,19,0.07480314960629922
8,2,203,0.7992125984251969
8,3,25,0.0984251968503937
8,4,1,0.003937007874015748
8,5,4,0.015748031496062992
8,6,0,0.0
