client_id,Class,Frequency,Density
9,0,11,0.06790123456790123
9,1,7,0.043209876543209874
9,2,4,0.024691358024691357
9,3,114,0.7037037037037037
9,4,18,0.1111111111111111
9,5,5,0.030864197530864196
9,6,3,0.018518518518518517
