client_id,Class,Frequency,Density
6,0,21,0.1099476439790576
6,1,1,0.005235602094240838
6,2,99,0.518324607329843
6,3,60,0.31413612565445026
6,4,6,0.031413612565445025
6,5,4,0.020942408376963352
6,6,0,0.0
