client_id,Class,Frequency,Density
4,0,8,0.04597701149425287
4,1,2,0.011494252873563218
4,2,1,0.005747126436781609
4,3,0,0.0
4,4,4,0.022988505747126436
4,5,151,0.867816091954023
4,6,8,0.04597701149425287
