client_id,Class,Frequency,Density
7,0,1,0.006993006993006993
7,1,1,0.006993006993006993
7,2,0,0.0
7,3,63,0.4405594405594406
7,4,77,0.5384615384615384
7,5,1,0.006993006993006993
7,6,0,0.0
