client_id,Class,Frequency,Density
0,0,132,0.6633165829145728
0,1,5,0.02512562814070352
0,2,1,0.005025125628140704
0,3,39,0.19597989949748743
0,4,1,0.005025125628140704
0,5,19,0.09547738693467336
0,6,2,0.010050251256281407
